,Author,ID,Gender
0,"A., Sonay",114249253,2
9,"Abedi, Isabel",12400346X,2
10,"Abel, Winnie",1218602392,2
43,"Adam, Gabi",13431073X,2
44,"Adam, Gabi",123999499,2
45,"Adam, Gabriela",1118857070,2
47,"Adams, Lilly",1167959620,2
59,"Adler, Katharina",1035486377,2
62,"Adorján, Johanna",13743569X,2
65,"Aehnlich, Kathrin",120106876,2
66,"Ahern, Cecelia",128795972,2
68,"Ahlers, Marieta",1230905340,2
70,"Kok-Ahrens, Hanna",109107089X,2
71,"Ahrens, Hanna",121941981,2
72,"Ahrens, Renate",121853179,2
74,"Ahrens, Renate",1139850830,2
76,"Aichinger, Ilse",118501232,2
80,"Aiken, Joan",115742867,2
81,"Aksu Yılmazer, Zehra",124329209,2
98,"Alekseeva, Irina Sergeevna",1045460265,2
102,"Alexander, Anne",1195542321,2
103,"Alexander, Anne",1106887921,2
105,Salome Alexandra,102458965X,2
108,"Greist, Alexandra Arvilla",1046876309,2
111,"Finn, Alexandra",1049973542,2
112,"Kovanetz, Alexandra",1077267142,2
113,"Schindele, Alexandra",1066975035,2
114,"Vogel, Alexandra",1077106157,2
125,"Alpsten, Ellen",124056156,2
145,"Amrein, Nicole",123470463,2
147,"Andeck, Mara",1029697728,2
149,"Anderka, Johanna",120196174,2
161,"Anderson, Poppy J.",1123738270,2
168,"Andreas-Salomé, Lou",118502921,2
169,"Andree, Ina",1065615302,2
181,"Antonietti, Federica",1045085731,2
183,"Aoyama, Akane",138563381,2
186,"Apostolova, Božana",142510017,2
194,"Arendt, Hannah",11850391X,2
200,"Arndt, Karin",1045016721,2
201,"Arndt, Karin",1229709746,2
209,"Arold, Marliese",112060234,2
213,"Arslan Yeşilay, Sibel",137812388,2
215,"Arven, Melisande",1231293063,2
216,"Arzeni, Flavia",121060020,2
223,"Atak, Tülay",134219627,2
229,"Atak, Idil",1027147402,2
233,"Atäşi, Nuridä",115297227,2
234,"Auel, Jean M.",123807174,2
235,"Baldamus, Verena",1038817463,2
236,"Auffermann, Verena",123815002,2
237,"Augustin, Anita",1025506871,2
258,"Augustová, Zuzana",129164100,2
259,"Aumale, Austra",1047788241,2
260,"Ausländer, Rose",118829211,2
261,"Austen, Jane",118505173,2
263,"Averbeck, Sanne",1126044180,2
264,"Aydemir, Fatma",1124801774,2
265,"Ayim, May",115413391,2
266,"Ayoub, Susanne",128773898,2
269,"Babendererde, Antje",120841916,2
274,"Bach, Tabea",1153780232,2
275,"Bachér, Ingrid",120068281,2
289,"Bachmann, Ingeborg",118505602,2
295,"Bader, Katarina",140571183,2
296,"Bader, Katarina",1036230430,2
297,"Bader-Molnar, Katarina Elisabeth",1209911027,2
299,"Badrije, Maia",1191787419,2
309,"Bagheri-Goldschmied, Nahid",1038268508,2
317,"Balàka, Bettina",120195429,2
321,"Balfour, Liz",1017910294,2
330,"Banciu, Carmen Francesca",120166615,2
333,"Baniewicz, Elżbieta",12701764X,2
334,"Bánk, Zsuzsa",12405692X,2
345,"Barbetta, María Cecilia",133376028,2
346,"Barbetta, Maria Cecilia",1031432833,2
350,"Bareišienė, Laima",113224605,2
351,"Bärend, Irmhild",1194571867,2
352,"Barényi, Olga",130883093,2
360,"Baronsky, Eva",138769427,2
376,"Bartsch, Carina",1031499962,2
416,"Kuhlen-Bauer, Jutta",1224622030,2
417,"Bauer, Jutta",120077752,2
419,"Bauer, Katharina",1034052098,2
420,"Bauer, Katharina",1121034594,2
421,"Bauer, Katharina",1189855283,2
422,"Bauer, Katharina Thea Rosina",1100314350,2
423,"Stöckl-Bauer, Katharina",1207163325,2
425,"Bauer, Katharina",101202962X,2
426,"Bauer, Katharina",1020419547,2
427,"Bauer, Katharina",1157133401,2
430,"Bauer-Eberhardt, Ulrike",1065040113,2
431,"Bauer, Ulrike",133989232,2
435,"Bauer-Wirth, Ulrike",134877187,2
438,"Halbe-Bauer, Ulrike",110547586,2
452,"Baum, Beate",129744832,2
455,"Baum, Vicki",118653830,2
456,"Baumann, Iren",112697763,2
479,"Baume, Sara",1072168545,2
482,"Baumm, Stefanie",134045017,2
491,"Bazyar, Shida",1082098876,2
494,"Becher-Ulrich, Elise",1215308086,2
499,"Lang-Beck, Eleonore Elke",173007031,2
500,"Beck, Eleonore",123569001,2
512,"Beck, Zoë",136043755,2
513,"Becker Alvarez, Nora",133660109,2
526,"Meurer, Cornelia",170666115,2
529,"Frech-Becker, Cornelia",114986096,2
584,"Becker, Zdenka",121842894,2
590,"Beele, Louisa",1081197560,2
592,"Beer, Alex",1129724654,2
605,"Beer, Natalie",116108304,2
607,"Beer, Natalie",1095129503,2
608,"Beerwald, Sina",136253547,2
612,"Behlert, Małgorzata",122644069,2
626,"Behrendt, Leni",104731451,2
630,"Belin, Sara",107811451X,2
631,"Belitz, Bettina",140186697,2
632,"Belitz, Bettina Kyrala",1197271848,2
658,"Benkau, Jennifer",141621664,2
663,"Bentivegni, Ina von",1065065310,2
667,"Berberich, Eva",123704049,2
669,"Berberich, Eva",1089082258,2
670,"Berberich, Eva",1231026863,2
673,"Berg, Alex",14150790X,2
677,"Berg, Ellen",1015696767,2
681,"Berg, Eva-Maria",120185555,2
692,"Berg, Sibylle",124742823,2
693,"Berg, Sophie",1104293897,2
694,"Berg, Sophie J.",1159368775,2
695,"Berg, Sophie Caroline Amalie von",1188845217,2
696,"Berg, Sophie",1180639898,2
731,"Berger, Lore",118837788,2
732,"Berger, Senta",122981367,2
736,"Bergmann, Brigitte",144051206,2
737,"Bergmann, Brigitte",1095500317,2
744,"Bergmann, Renate",1035329743,2
746,"Humann, Renate",172161231,2
747,"Bergmann, Renate",135173655,2
748,"Bergmann, Renate",1054311668,2
754,"Berkéwicz, Ulla",119150026,2
755,"Berkow, Karl",1116741369,2
757,"Berlin, Katja",1034232932,2
758,"Berlin, Katja",1161414975,2
763,"Bernard, Caroline",1089590466,2
764,"Bernard, Caroline",1124274006,2
779,"Bernuth, Christa",124094708,2
786,"Beto, Isabel",1070173509,2
791,"Beutling, Julia",1237057175,2
793,"Bewersdorff-Langlotz, Eva-Saskia",1189453266,2
795,"Beyer, Claire",122335716,2
801,"Beyerlein, Gabriele",121821846,2
808,"Bichsel, Therese",12094295X,2
809,"Bichsel, Therese",1095564935,2
810,"Bickel, Margot",1114752827,2
811,"Bickel, Margot",134917200,2
820,"Biermann, Pieke",120142228,2
822,"Bikont, Karolina",142286567,2
824,"Billmann, Catherine",12090554X,2
827,"Binder, Christiane Maria",137990391,2
828,"Binder-Gasper, Christiane",124303145,2
838,"Binkert, Dörthe",132327767,2
841,"Birkner, Friede",104831227,2
868,"Krawczyk, Ulrike",123454565,2
869,"Blaszczyk, Erika",1050744632,2
876,"Blobel, Brigitte",121267377,2
907,"Bode, Sabine",120026996,2
908,"Bode, Sabine",1201493099,2
909,"Bodmershof, Imma",119300052,2
911,"Bodrožić, Marica",12363816X,2
912,"Boehning, Larissa",124884873,2
916,"Bogdan, Isabel",123583543,2
918,"Bohnhorst, Brigitte",120989794,2
921,"Bold, Emily",1033187119,2
928,"Böll, Lisa",1034110861,2
932,"Bomann, Corina",120157675,2
960,"Borchers, Elisabeth",119368102,2
965,"Borger, Martina",123332230,2
977,"Borrmann, Mechtild",131614959,2
982,"Bosley, Keith",137492529,2
984,"Bosse-Sporleder, Maria",102947284X,2
985,"Bossong, Nora",129224146,2
994,"Bouvier, Claire",143246186,2
995,"Boysen, Margret",1041616988,2
1031,"Brandt, Susanne",128708603,2
1032,"Brandt, Susanne",124170196,2
1033,"Brandt, Susanne",124951996,2
1036,"Brandt, Susanne",135778549,2
1039,"Brasch, Marion",1018617361,2
1044,"Braslavsky, Emma",128804823,2
1071,"Ruiz Bravo-Villasante, Carmen",1027231128,2
1072,"Bravo-Villasante, Carmen",124018025,2
1085,"Brem, Ilse",11577341X,2
1086,"Bremer, Alida",137429487,2
1115,"Brežná, Irena",130134317,2
1116,"Breznik, Melitta",115720634,2
1119,"Brincken, Gertrud von den",118515373,2
1133,"Brodsḳi, ʿAdah",122696573,2
1134,"Bronsky, Alina",136148654,2
1137,"Brown, Andrea Lauren",13535367X,2
1138,"Brown, Andrea",137135319,2
1141,"Brown, Jane K.",113603347,2
1142,"Brown, Sandra",114489386,2
1143,"Brown, Sandra A.",1128682508,2
1145,"Brown, Sandra L.",1059703815,2
1146,"Brückmann, Kathrin",1043205357,2
1148,"Brückner, Christine K.",141082585,2
1149,"Brückner, Christine",138345465,2
1150,"Brückner, Christine",11851587X,2
1153,"Brudereck, Christina",13213828X,2
1160,"Brunner-Traut, Emma",119068249,2
1173,"Bruns, Marianne",143243187,2
1179,"Bubenzer, Anne",128784946,2
1180,"Buber-Neumann, Margarete",118516485,2
1187,"Buchholz, Simone",122804104,2
1188,"Buchholz, Simone Franziska",1175264628,2
1190,"Büchner, Barbara",11815981X,2
1191,"Büchner, Barbara",1096252171,2
1199,"Buck, Inge",110692314,2
1200,"Buck, Vera",1073731103,2
1205,"Bühlmann, Andrea",1082259705,2
1210,"Bülow, Katharina von",135431743,2
1211,"Bülow, Trixi von",130531200,2
1214,"Buresch, Luisa",1050526643,2
1222,"Burghof, Bettina",132488019,2
1223,"Burgstedt, Eva",1064168221,2
1226,"Burkart, Erika",118517694,2
1233,"Burmeister, Brigitte",119006359,2
1235,"Busch-Schumann, Ruthild",103820140,2
1236,"Busch, Andrea C.",121372006,2
1237,"Busch, Gertrud",117180335,2
1240,"Busch, Petra",1157250521,2
1242,"Busch, Petra",142322881,2
1243,"Busch, Petra",1058407902,2
1267,"Buschinger, Danielle",119414074,2
1270,"Buson, Elisa",1194202594,2
1273,"Bussink, Gerrit",11440853X,2
1274,"Bussmann, Nina",1061897109,2
1275,"Bußmann, Nina",1016808623,2
1276,"Busta, Christine",119022354,2
1280,"Cactus, Françoise",115191186,2
1282,"Çakır, Seher",129664553,2
1283,"Calonego, Bernadette",130388882,2
1289,"Can, Safiye",1036521575,2
1290,"Canal, Anne von",1053379854,2
1292,"Canetti, Veza",119074087,2
1295,"Cantieni, Monica",143520237,2
1296,"Cao, Hélène",1045947377,2
1297,"Capitani, Sabrina",112605688X,2
1300,"Car, Milka",132763230,2
1301,"Caradec, Odile",129780731,2
1319,"Carr, Robyn",102474079X,2
1321,"Carstens, Carola",1022157108,2
1324,"Caspari, Sofia",1041763522,2
1326,"Cavazzini, Christiane",142408212,2
1327,"Cavelius, Alexandra",120447584,2
1330,"Cazon, Christine",1047769484,2
1345,"Ch'ae, Un-jŏng",123142148,2
1346,"Chadžieva, Despina",1015945198,2
1349,"Challis, Sarah",128880120,2
1353,"Chaplet, Anne",1070103861,2
1356,"Charon, Daria",133375536,2
1357,"Chatzētzanu-Baltcharnt, Elenē",122257200,2
1368,"Chen, Wei",1153849143,2
1371,"Chiarloni, Anna",133140946,2
1379,"Christie, Agatha",118520628,2
1389,"Chromik, Therese",11038458X,2
1404,"Cohn, Leah",1059177102,2
1405,"Coler, Hannah",114002003X,2
1419,"Conrad, Julia",1065912315,2
1437,"Constantine, Helen",1171442882,2
1440,"Cordes-Vollert, Doris",118676857,2
1445,"Cortés, Helena",11549328X,2
1447,"Cotten, Ann",132957078,2
1449,"Courant, Maria",1058622080,2
1450,"Courths-Mahler, Hedwig",118522469,2
1451,"Cramer von Clausbruch, Adelheid",114166684,2
1453,"Cramer, Doris",1022447874,2
1454,"Cramer, Sofie",138096279,2
1465,"Warren-Crow, Heather",105688052X,2
1466,"Crow, Zsófia Klára",1023166747,2
1467,"Saintcrow, Lilith",136478980,2
1468,Crow Jane,1061299686,2
1473,"Crow, Rosson",134098579,2
1480,"Cullen, July",1103500724,2
1487,"Czernin, Monika",123085713,2
1488,"Czurda, Elfriede",119556944,2
1500,"Dal Poggetto, Manuela",1078410933,2
1505,"Danella, Utta",118678736,2
1507,"Dānišwar, Sīmīn",115412646,2
1508,"Danius, Sara",134031563,2
1509,"Dannhorn, Joung-Ja",1115368443,2
1533,"Davydova, B.",137309341,2
1534,"Kecba-Davydova, B.",1011410516,2
1536,"De Cesco, Federica",119522713,2
1537,"De Lombaert, Anja",1067881875,2
1548,"Dehe, Astrid",1033777773,2
1551,"Deitmer, Sabine",118104446,2
1553,"Delblanc, Aimée",136667023,2
1556,"Delle Grazie, Marie Eugenie",118746278,2
1557,"Demetz, Hanna",105112941,2
1558,"Demirkan, Renan",121373940,2
1561,"Demski, Eva",118000918,2
1566,"Denić, Bojana",1016946325,2
1581,"Deutsch, Gitta",119098792,2
1584,"DiCarmen, Sonju",134080068,2
1588,"Dickow, Barbara",1154442306,2
1589,"Dieckmann, Dorothea",12014171X,2
1590,"Dieckmann, Dorothea",1097642577,2
1595,"Diehl, Sarah",12969679X,2
1596,"Diehl, Sarah",1197539050,2
1599,"Dietmann, Ulrike",13170270X,2
1613,"Dische, Irene",120246910,2
1615,"Dischereit, Esther",120392445,2
1618,"Dittrich, Sabine",129810428,2
1619,"Bauer, S. C.",1236031385,2
1622,"Dittrich, Sabine",1069384305,2
1626,"Döbrich, Annette",1036156028,2
1630,"Doehnert, Rodica",14069272X,2
1631,"Doelman, Elke",115089322,2
1632,"Pringsheim-Dohm, Hedwig",118814117,2
1633,"Dohm, Hedwig",11852643X,2
1634,"Doll, Georgia",1053646186,2
1638,"Domin, Hilde",118526634,2
1641,"Doppagne, Brigitte",120119536,2
1648,"Dorian, Ada",110578245X,2
1650,"Dorn, Anne",119089238,2
1651,"Dorn, Thea",122606728,2
1655,"Dörrie, Doris",118817604,2
1659,"Doubek, Katja",12096516X,2
1671,"Doyle, Virginia",107249504X,2
1674,"Draesner, Ulrike",115834087,2
1675,"Dragnić, Nataša",143536796,2
1677,"Dražić, Relja",141036028,2
1679,"Dreichlinger, Vera",1043467203,2
1684,"Drews, Christine",1032669284,2
1687,"Dreymüller, Cecilia",137069928,2
1688,"Dribbusch, Barbara",1021327271,2
1689,"Dröscher, Daniela",13888773X,2
1690,"Droste-Hülshoff, Annette von",118527533,2
1698,"Dübgen, Hannah",13544571X,2
1699,"Dückers, Tanja",121063984,2
1702,"Dulleck, Nina",128930314,2
1708,"Duncker, Dora",116251654,2
1710,"Dürr, Carola",1178985776,2
1713,"Durst-Benning, Petra",123286956,2
1714,"Dutli-Rutishauser, Maria",105381381,2
1718,"Duve, Karen",115673776,2
1721,"Dziewas, Dorothee",115450130,2
1736,"Neuffer, Sabine",143894951,2
1739,"Zimmermann, Sabine",1070114529,2
1740,"Ebert, Sabine",115001727,2
1742,"Ebner-Eschenbach, Marie von",118528661,2
1743,"Ebner, Jeannie",118746375,2
1749,"Echerer, Mercedes",1047849496,2
1766,"Eden, Jasmin",144048914,2
1767,"Edschmid, Ulrike",12094023X,2
1777,"Ehrlich, Anna",128741805,2
1784,"Eichel, Christine",120010283,2
1786,"Eichinger, Rosemarie",131747177,2
1796,"Eismann, Beate",129174351,2
1797,"Ekert-Rotholz, Alice",116446390,2
1798,"El'kind, Nelli",1106404211,2
1803,"Ellert, Gerhart",105439525,2
1806,"Elmiger, Dorothee",141869674,2
1830,"Engel, Kathinka",1194262473,2
1846,"Ensafpour, Nahid",1057863777,2
1850,"Ephrussi, Elisabeth von",1037330382,2
1853,"Erb, Elke",118928635,2
1855,"Erdheim, Claudia",122644751,2
1874,"Ernst, Ingrid",1061775984,2
1875,"Ernst, Ingrid Lucia",1027510507,2
1887,"Ernst, Susanna",1028517912,2
1890,"Erpenbeck, Charlotte",1049859480,2
1891,"Erpenbeck, Jenny",123291453,2
1896,"Esterl, Arnica",123879272,2
1908,"Fabian, Sandra",1111056951,2
1909,"Färber, Regina",1050456122,2
1910,"Faerber, Regina",120446014,2
1914,"Falk, Rita",129367842,2
1919,"Fallwickl, Mareike",1025971671,2
1921,"Faro, Marlene",120023318,2
1922,"Faschinger, Lilian",119272474,2
1923,"Faschon, Susanne",116410485,2
1924,"Fassbinder, Helga",143692240,2
1926,"Fast, Christa",134599136,2
1932,"Federico, Carla",1059177315,2
1935,"Feehan, Christine",128424230,2
1939,"Felix, D. S.",136472877,2
1941,"Felten, Monika",122854942,2
1942,"Fendt, Janet",1033003654,2
1947,"Ferolli, Beatrice",1018697667,2
1951,"Feyl, Renate",120194619,2
1973,"Fischer-Rizzi, Susanne",122552431,2
1975,"Fischer, Erica",115716084,2
1979,"Fischer-Friedrich, Elisabeth",139068066,2
1986,"Fischer, Marie Louise",118533436,2
1988,"Fischer, Natalie",13174481X,2
1989,"Fischer, Rena",1179704487,2
1990,"FitzGerald, Lisa",117835072X,2
1991,"Fitz, Lisa",119320495,2
1993,"Fitzgerald, Penelope Laurans",136870554,2
1994,"Fitzgerald, Penelope",121912507,2
1997,"Flašar, Milena Michiko",136304397,2
1999,"Fleißer, Marieluise",118533886,2
2000,"Fleming, Griseldis",1037763742,2
2008,"Flint, Sarah",1137185112,2
2010,"Flöss, Helene",119320916,2
2011,"Flynn, Gillian",132678802,2
2026,"Förg, Nicola",120599244,2
2031,"Forstmaier, Rosemarie",1126649910,2
2033,"Fortunas, Hede",1049347870,2
2040,"Franck, Julia Katharina",104180184X,2
2041,"Franck, Julia",115651470,2
2043,"François, Louise von",118692577,2
2092,"Franke, Ruth",116715111,2
2094,"Franke, Ruth",1187358088,2
2095,"Franke, Sabina",1061786374,2
2096,"Franke, Sabina",1121508979,2
2099,"Franz, Aisha",1103155717,2
2110,"Franz, Cornelia",118054104,2
2118,"French, Tana",135892414,2
2122,Frenzel Britta,1243715529,2
2125,"Freudenthaler, Laura",1037808231,2
2135,"Frey, Eleonore",12893235X,2
2136,"Frey-Hanken, Eleonore",121782522,2
2139,"Freytag-Loringhoven, Elsa von",121772985,2
2140,"Fricke, Lucy",13345942X,2
2141,"Fried, Amelie",115688595,2
2147,"Friedrich, Anna",1070073113,2
2148,"Pircher-Friedrich, Anna Maria",121976963,2
2149,"Friedrich, Anna",1133592015,2
2150,"Christ-Friedrich, Anna",101329436X,2
2151,"Friedrich, Anna",1197651993,2
2153,"Knoblauch, Anna",1068769815,2
2154,"Siemsen, Anna",11895783X,2
2155,"Krahl, Anna Magdalena Sophia",1151342955,2
2156,"Fridrich, Anna Felicitas",1024750264,2
2172,"Frischmuth, Barbara",118693727,2
2173,"Frischmuth, Barbara Elisabeth",101314970X,2
2174,"Crause, Barbara Katharina",123390257,2
2182,"Fritsch, Valerie",1013987594,2
2187,"Fritz, Marianne",116825871,2
2188,"Fritz, Marianne",1124411887,2
2189,"Fritz, Marianne",1023967782,2
2207,"Fröhlich, Alexandra",141919159,2
2208,"Fröhlich, Susanne",140337768,2
2213,"Fröhlich, Susanne",123630215,2
2215,"Froehlich, Susanne",1036794946,2
2216,"Frohmann, Christiane",1082355585,2
2218,"Früh, Sigrid",120200279,2
2229,"Fuchs, Signe Anita",1133085407,2
2236,"Funk, Mirna",107442025X,2
2238,"Funke, Cornelia",119523604,2
2244,"Fürstenberg, Paula",1062102053,2
2247,"Fussenegger, Gertrud",11853694X,2
2249,"Fux, Christiane",1022084143,2
2252,"Gablé, Rebecca",122397444,2
2255,"Meder, Gabriele",1201418658,2
2259,"Otto, Gabriele",1161048154,2
2261,"Griese-Heindl, Gabriele",1236967356,2
2262,"Pescher-Tayem, Gabriele",1233063081,2
2263,"Sasportas, Gabriele",1231482028,2
2264,"Goertzen, Stephanie",122810235X,2
2278,"Gaponenko, Marjana",122035607,2
2293,"Gehm, Franziska",124357520,2
2298,"Geißler, Heike",173375804,2
2308,"George, Nina",1059472422,2
2314,"Gercke, Doris",115705090,2
2315,"Gerdom, Susanne",124824706,2
2326,"Gerlof, Kathrin",121651770,2
2328,"Gerner-Haudum, Gabriele",129801674,2
2330,"Gerold, Susanne",114182183,2
2331,"Gerold, Susanne",136956831,2
2332,"Gerritsen, Tess",115874216,2
2335,"Gerstenberg, Franziska",12882249X,2
2337,"Gerstl, Elfriede",120423774,2
2339,"Gesthuysen, Anne",1027462677,2
2340,"Giampietro, Nicoletta",1171744404,2
2342,"Gier, Kerstin",12889282X,2
2359,"Girard, Agnès",133686019,2
2360,"Girardin, Delphine de",100796303,2
2366,"Glaesener, Helga",115874828,2
2373,"Glaser, Brigitte Johanna",13054471X,2
2374,"Glaser, Brigitte",129622834,2
2375,"Glaser, Brigitte",1240432909,2
2382,"Glen, Joanna",1198703067,2
2384,"Gmeyner, Anna",119052784,2
2387,"Goeb-Kümmel, Christine",1205044272,2
2396,"Goga-Klinkenberg, Susanne",130313378,2
2398,"Gogoll, Ruth",138880026,2
2399,"Gohl, Christiane",122558456,2
2403,"Goldstein, Barbara",130171778,2
2404,"Goldstein, Barbara Margarethe von",104226013,2
2409,"Gomes, Chris",1166787168,2
2410,"Gómez Pato, Rosa Marta",1018222383,2
2413,"Gomringer, Nora",123821762,2
2414,"Gonserowski, Annette",122057716,2
2418,"Gorelik, Lena",129399744,2
2419,"Görg, Patricia",121908712,2
2425,"Görres, Ida Friederike",118695843,2
2430,"Gottsched, Luise Adelgunde Victorie",118696734,2
2447,"Graf-Riemann, Lisa",141545410,2
2449,"Graf, Lisa-Maria",1068684550,2
2458,"Grän, Christine",132546442,2
2475,"Greifeneder, Anke",129346454,2
2477,"Griesbach, Corinna",131817051,2
2482,"Grigorcea, Dana",1012901378,2
2483,"Voglmayr-Grill, Evelyn",1179243552,2
2484,"Grill, Evelyn",128625732,2
2512,"Gringel, Dana",1074026519,2
2514,"Grjasnowa, Olga",1019509430,2
2522,"Gröschner, Annett",120435233,2
2523,"Supelano-Gross, Claudia",1043023836,2
2526,"Groß, Claudia",123898617,2
2528,"Groß, Claudia",143944126,2
2536,"Grube, Tina",115561838,2
2550,"Gruber, Sabine",1115681044,2
2551,"Gruber, Sabine",1115679554,2
2553,"Gruber, Sabine",1046826964,2
2554,"Gruber, Sabine",106104453X,2
2555,"Gruber, Sabine",133060063,2
2558,"Gruber, Sabine",123605873,2
2559,"Gruenter, Undine",11926434X,2
2564,"Grundmann, Harriet",130303003,2
2567,"Grünzweig, Dorothea",121802892,2
2577,"Guggenheim, Alexandra",130832014,2
2583,"Günderode, Karoline von",118543202,2
2584,"Güngör, Dilek",129283320,2
2585,"Günther, Agnes",118698907,2
2586,"Guenther, Agnes",1238185177,2
2639,"Haas, Agnieszka",137189893,2
2651,"Hacker, Katharina",122230019,2
2655,"Haderlap, Maja",130584754,2
2672,"Hagena, Katharina",114313210,2
2674,"Hahn, Anna Katharina",122312198,2
2675,"Hahn, Nikola",124092217,2
2676,"Hahn, Ulla",118994212,2
2679,"Haidegger, Christine",123637287,2
2680,"Haifisch, Anna",1043685294,2
2690,"Halicka, Beata",1038715695,2
2714,"Hammer, Agnes",136142281,2
2719,"Hammesfahr, Petra",121227170,2
2724,"Han, Yun jin",1242567682,2
2737,"Händl, Claudia",1141083965,2
2741,"Hanika, Beate Teresa",137369298,2
2742,"Hanika, Iris",124637140,2
2743,"Hanika, Tanja",1124696083,2
2746,"Hannig, Theresa",1142414779,2
2748,"Hansen, Dagmar",115809988,2
2750,"Hansen, Dörte",1025659384,2
2752,"Hansen, Dörte",1067104291,2
2767,"Haratischwili, Nino",124712193,2
2768,"Harbou, Thea von",118701495,2
2775,"Haring, Roswitha",124445055,2
2776,"Harksen, Verena Charlotte",121401545,2
2777,"Harrach, Verena von",1066503761,2
2778,"Harriet, Elisabeth-Joe",114610762,2
2784,"Hartlieb, Petra",1011334666,2
2800,"Harvey, Sarah",122634411,2
2801,"Harvey, Sarah N.",1069401331,2
2802,"Harvey, Sarah",1196049033,2
2806,"Haslehner-Götz, Elfriede",122622251,2
2807,"Hasler, Eveline",119286793,2
2810,"Hassler, Silke",140464565,2
2811,"Hastings, Susan",123930553,2
2812,"Haucke, Ursula",105783463,2
2814,"Hauer, Elisabeth",119549298,2
2833,"Hauptmann, Gaby",1062358104,2
2834,"Hauptmann, Gaby",11564590X,2
2847,"Haushofer, Marlen",118811134,2
2852,"Hausmann, Romy",1054973997,2
2853,"Hausser, Isabelle",120534363,2
2857,"Hayashi, Keiko",138561486,2
2862,"Hees, Karin",1049842596,2
2864,"Hegemann, Helene",140372318,2
2865,"Hegewisch, Helga",105790591,2
2867,"Heib, Marina",132027895,2
2869,"Heidenreich, Elke",120666553,2
2871,"Heilmann, Eva",136189385,2
2885,"Heimburg, Wilhelmine",104352787,2
2886,"Heimes, Silke",120791471,2
2887,"Hein, Christa",120764911,2
2907,"Hein, Mirja",1070771341,2
2921,"Heinemann, Ilka",1051234816,2
2929,"Heinrich, Jutta",1059889013,2
2930,"Heinrich, Jutta",118746693,2
2933,"Heinrich, Sabine",1047634031,2
2935,"Heinrich, Sabine",123284716X,2
2954,"Heinze de Lorenzo, Ursula",118108522,2
2956,"Heischkamp, Anna",101369855X,2
2959,"Heiss, Sonja",136931723,2
2961,"Heitmann, Tanja Sabrina",1041677820,2
2962,"Heitmann, Tanja",136303226,2
2966,"Held, Monika",1031545727,2
2968,"Held, Monika",128367024,2
2969,"Heldt, Dora",13084280X,2
2970,"Helfer, Monika",119559110,2
2975,"Heller, Eva",110285921,2
2979,"Heller, Eva-Maria",1213312434,2
2982,"Hellmann, Diana Beate",115389318,2
2985,"Hemau, Gisela",1044007710,2
2990,"Henke, Sandra",124350712,2
2992,"Hennig von Lange, Alexa",121242307,2
3006,"Henscheid, Regina",1195801564,2
3010,"Hensel, Jana",1052329810,2
3011,"Hensel, Jana",124117422,2
3014,"Hensel, Kerstin",119232634,2
3027,"Herbing, Alina",1038707897,2
3032,"Herder, Maria Katharina von",1214765912,2
3033,"Herder, Maria Henrietta Carolina",1199388513,2
3035,"Hering, Elisabeth",13372087X,2
3036,"Hering, Elisabeth",1173378731,2
3057,"Hermann, Judith",120448041,2
3059,"McAlister-Hermann, Judith",1074922050,2
3072,"Herold, Tina Rike",1227955324,2
3073,"Herold, Tina",13724794X,2
3077,"Herrmann, Elisabeth",1127662902,2
3078,"Herrmann, Elisabeth",115384561,2
3079,"Herrmann, Elisabeth",173793053,2
3080,"Herrmann, Elisabeth",120025507,2
3081,"Löckenhoff, Elisabeth",118850954,2
3083,"Claasen, Elisabeth",1210273098,2
3109,"Hertzsch, Kati",1123235481,2
3115,"Herzog, Marianne",1080063935,2
3117,"Buseck, Marianne von",1043835946,2
3119,"Herzog, Marianne",1038767784,2
3141,"Hess, Annette",142943754,2
3153,"Hesse, Lena",140842756,2
3156,"Hessel, Franz",1176824139,2
3170,"Highsmith, Patricia",11855087X,2
3180,"Hildebrandt, Irma",121760170,2
3183,"Hill, Roxann",1143235118,2
3187,"Hilliges, Ilona Maria",122084853,2
3202,"Hlawaty, Graziella",120093340,2
3203,"Höch, Ingeborg",12078579X,2
3211,"Hoepfner, Inge",106164815X,2
3212,"Hoepfner, Inge",1235247171,2
3222,"Hoffman, Jilliane",128774614,2
3225,"Hoffmann, Anna-Carin",1176980564,2
3226,"Hoffmann, Anna",1133218938,2
3227,"Hoffmann, Anna-Lena",1220939390,2
3228,"Hoffmann, Anna",1059931907,2
3230,"Hoffmann, Anna",1163036781,2
3231,"Hoffmann, Anna",1025176650,2
3255,"Hoffmann, Johanna",1159410410,2
3256,"Hoffmann, Johanna Cathrin",1209714035,2
3259,"Hoffmann, Johanna",1041844336,2
3260,"Hoffmann, Johanna",1050478061,2
3261,"Hoffmann, Johanna",143510304,2
3262,"Hoffmann-Hardtmuth, Jenny",1047603667,2
3280,"Hoffmann, Sandra",135485444,2
3281,"Hoffmann, Sandra",123714001,2
3283,"Hoffmann, Sandra",171347110,2
3285,"Hoffmann, Sandra",1033126675,2
3286,"Hoffmann, Sandra",1236245369,2
3287,"Müller-Hoffmann, Sandra",1084662868,2
3298,"Höfler, Polly Maria",105821098,2
3304,"Hofmann, Maria Georg",1047363283,2
3315,"Hofmann, Tatjana",1078682518,2
3323,"Hohlbein, Rebecca",128776390,2
3332,"Holesch, Ditha",127209794,2
3338,"Holland, Katrin",106486861,2
3339,"Holmes, Deborah",137337019,2
3340,"Holmes, Deborah",139517847,2
3343,"Holst, Evelyn",115411224,2
3344,"Holst, Margarete von",120286637,2
3360,"Honigmann, Barbara",119075857,2
3362,"Höntsch, Ursula",124383629,2
3363,"Hoppe, Felicitas",119535467,2
3364,"Hoppe, Felicitas",1153638819,2
3365,"Hörger, Marlies",1216421846,2
3373,"Horn, Rebecca",134989937,2
3374,"Horn, Rebecca",170838897,2
3375,"Horn, Rebecca",119066831,2
3376,"Hörnigk, Therese",13862304X,2
3377,"Horny, Tinga",1071670204,2
3395,"Hoßfeld, Dagmar",123092337,2
3397,"Hoßfeld, Dagmar",1025609913,2
3400,"Howard, Karin",140220062,2
3401,"Hoyer-Kuhn, Heike-Katharina",134169107,2
3402,"Hoyer, Heike",142693235,2
3405,"Huang, Xueyuan",1065195508,2
3407,"Hübel, Adi",130594849,2
3419,"Huber, Nicole",1120930847,2
3421,"Huber, Nicole",1014767083,2
3443,"Huch, Ricarda",118554190,2
3445,"Hueck-Dehio, Else",117046051,2
3447,"Huillet, Danièle",118554670,2
3450,"Hülsmann, Petra",1058387286,2
3456,"Hummel, Eleonora",129892351,2
3459,"Hůrková, Klára",12209798X,2
3465,"Hutmacher, Rahel",141748621,2
3471,"Ilinova, Donka",1064951554,2
3473,"Imhof, Agnes",130254517,2
3482,"Inusa, Manuela",1078750955,2
3483,"Iosivoni, Bianca",1076743668,2
3484,"Irmisch, Beate",1195550847,2
3485,"Irshaid, Karin",119473976,2
3524,"Jablonsky, Hilla",123627192,2
3526,"Jäckle, Nina",124042015,2
3533,"Jacobs, Anne",1192544641,2
3534,"Jacobs, Anne",1184288747,2
3535,"Jacobs, Anne-Katrin",1225900190,2
3551,"Jaeggi, Eva",118556517,2
3566,"Hilgenfeld, Katja",1095382403,2
3567,"Jäger, Katja",1047657481,2
3570,"Jakob, Barbara",121719729X,2
3571,"Jakob, Barbara",120067897,2
3572,"Jakob, Barbara",1220054925,2
3573,"Richter-Jakob, Barbara",131435671,2
3577,"James, Eloisa",1230147500,2
3590,"Janesch, Sabrina",143086588,2
3606,"Jansen, Hanna",1155621050,2
3607,"Jansen, Hanna",1220114685,2
3608,"Jansen, Hanna",123669200,2
3609,"Neufeldt, Marie",116953675,2
3611,"Jardas, Margaret",122745299,2
3613,"Jary, Micaela",120850079,2
3628,"Jeissing, Ivana",132630699,2
3630,"Jelinek, Elfriede",119001802,2
3634,"Jenny, Zoë",115633286,2
3658,"Jerger, Ilona",135964431,2
3660,"Jeromin, Britta",1207110108,2
3661,Xinderella,134562186,2
3667,"Jessler, Nadine",136171990,2
3679,"Johannson, Lena",133583686,2
3680,"Johansen, Hanna",119424347,2
3682,"John, Kirsten",120114828,2
3683,"John-Stucke, Kirsten",1048288676,2
3685,"Jones, Victoria",1064699510,2
3686,"Jones, Victoria Mary",1057639060,2
3689,"Jonuleit, Anja",132563959,2
3693,"Evans Joseph, Wendy",1147717419,2
3694,"Joseph, Wendy",1199394114,2
3695,"Jost, Silvia",115742638,2
3696,"Josten, Husch",143496204,2
3722,"Junge, Ricarda",124223516,2
3730,"Jüngling, Hanna",1045014427,2
3735,"Junk, Catharina",108018712X,2
3739,"Kabus, Christine",1023796848,2
3748,"Kahn, Lisa",1038676096,2
3749,"Kahn, Lisa B.",1063049164,2
3768,"Kaiser, Gloria",115754229,2
3771,"Kaiser, Maria Regina",120097060,2
3772,"Kaiser, Vea",1025857704,2
3773,"Kaléko, Mascha",118776592,2
3775,"Kalisa, Karin",1072250292,2
3778,"Kálmán, Anna",1243359161,2
3780,"Siekmann, Jutta",123827361,2
3782,"Kálnay, Juliana",1124612106,2
3792,"Kamphoevener, Elsa Sophia von",119270250,2
3793,"Kanaan, Verena",1081390247,2
3800,"Kantemir, İris",12069820X,2
3813,"Karlin, Alma M.",120587947,2
3821,"Kaschnitz, Marie Luise",118560395,2
3826,"Kast-Riedlinger, Annette",111814677,2
3827,"Kastel, Michaela",140391959,2
3828,"Kasten, Mona",1116352818,2
3853,"Kaufmann, Kat",1072523957,2
3864,"Kaus, Gina",118560786,2
3866,"Kebir, Sabine",115502874,2
3873,"Keiderling, Christel",1224611551,2
3880,"Keiser, Helen",123884365,2
3892,"Keller, Claudia",1049276825,2
3893,"Keller, Claudia",1098316169,2
3895,"Keller, Claudia",189480858,2
3900,"Keller, Claudia",1045738298,2
3957,"Kempff, Martina",124324665,2
3961,"Kennel, Herma",124663028,2
3974,"Kern, Claudia",135844126,2
3976,"Kern, Elfriede",141640537,2
3979,"Kerr, Charlotte",119061317,2
3980,"Kerschbaumer, Marie-Thérèse",118747010,2
4005,"Keun, Irmgard",118722123,2
4007,"Keyser, Charlotte",116152605,2
4009,"Khayat, Rasha",138096619,2
4014,"Kiening, Alexandra",1221069241,2
4023,"Becker, Anna",1052139582,2
4024,"Kim, Anna",130524190,2
4025,"Kim, Anna",1197619496,2
4026,"Kim, Eunjin",1077111436,2
4031,"Kindl, Ulrike",136453805,2
4042,"Kinkel, Tanja",119495201,2
4043,"Kinsky, Esther",111201047,2
4044,"Kinzelmann, Dietlind",1048323749,2
4049,"Kirchhoff, Hans-Heinrich",1034920731,2
4059,"Kirchner, Katrin",1011692864,2
4060,"Kirchner, Katrin",1011666928,2
4064,"Kirsch, Sarah Lara",1196658323,2
4066,"Kirsch, Sarah H.",1046921134,2
4067,"Kirsch, Sarah",118562487,2
4068,"Kirsch, Sarah",1230830219,2
4069,"Kirsch, Sarah Barbara",1102161497,2
4076,"Kiy, Bärbel",1034089323,2
4082,"Klaushofer, Roswitha",122229126,2
4091,"Klein, Benjamin",1219113220,2
4104,"Klein, Elisabeth",1044026138,2
4105,"Klein, Julia Elisabeth",1119332222,2
4108,"Klein, Elisabeth",1243619511,2
4113,"Klein, Elisabeth",1033381535,2
4147,"Kliková, Markéta",1184441383,2
4152,"Kling, Ulla",1097617947,2
4160,"Kloos, Luise",121053199,2
4161,"Kłopocka, Agnieszka",14004227X,2
4165,"Klubowicz, Marta",143254863,2
4183,"Klüssendorf, Angelika",122368630,2
4198,"Kneidl, Laura",1058576380,2
4203,"Knelles, Sylvia",114015384,2
4210,"Knobloch, Ina",1022495496,2
4211,"Knobloch, Ina",112599141,2
4213,"Knopp, Beate",1215050712,2
4217,"Koch, Anna",1153417278,2
4218,"Koch, Anna",1129113124,2
4219,"Koch, Anna",1129367258,2
4220,"Koch, Anna",1177074427,2
4221,Koch Anna Rosa,1065917627,2
4224,"Koch, Anna",1243818212,2
4225,"Koch, Anna",116264306,2
4247,"Koch, Jessica",1124801308,2
4248,"Koch, Jessica",1240323956,2
4249,"Koch, Jessica",1095137123,2
4251,"Koch, Jessica",141066431,2
4253,"Koch, Jessica",1188371827,2
4255,"Koch, Ursula",1070675571,2
4256,"Koch, Ursula",1219586110,2
4260,"Koch, Uschi",13067821X,2
4262,"Koch, Ulla",1219938491,2
4270,"Koenig, Alma Johanna",116288582,2
4281,"Kofmehl, Damaris",120265303,2
4282,"Kögl, Gabriele",120587963,2
4288,"Köhler, Barbara Maria",170675513,2
4293,"Köhler, Barbara",121533026,2
4294,"Köhler, Barbara Wanda",1064621937,2
4296,"Köhler, Barbara",135970342,2
4308,"Köhler, Karen",132309858,2
4310,"Köhler, Karen",1057898457,2
4313,"Kohlmann, Bara",116307579,2
4327,"Kolb, Ulrike",116893897X,2
4328,"Kolb, Ulrike",124162193,2
4333,"Kolbenhoff, Isolde",1025703030,2
4337,"Kolmar, Gertrud",118564951,2
4338,"Kolosowa, Wlada",1024307255,2
4339,"Koltz, Anise",118640232,2
4344,"König, Barbara",1048578283,2
4348,"König, Barbara",1025410521,2
4349,"Koenig, Barbara",102050529X,2
4350,"König, Barbara",119440512,2
4351,"König, Barbara",136664245,2
4352,"König, Barbara",1193669383,2
4369,"König, Lea",1204067643,2
4370,"König, Julia",139671595,2
4390,"Königsdorf, Helga",118958836,2
4391,"Königsdorf, Helga",1230518142,2
4397,"Kooij, Rachel van",12232286X,2
4411,"Körber, Lili",116296240,2
4412,"Korber, Tessa",12123830X,2
4414,"Kords, Silke",1242684573,2
4415,"Korn, Carmen",120578255,2
4428,"Korschunow, Irina",118842609,2
4429,"Koschel, Christine",106139835,2
4430,"Koschyk, Heike",128970642,2
4433,"Köster-Lösche, Kari",120724820,2
4435,"Kottmann, Agnes",139841792,2
4436,"Köttner-Benigni, Klara",123065496,2
4439,"Koubová, Věra",124455441,2
4440,"Koudelková, Eva",133551113,2
4442,"Kpalete, Yawhleim",1068732571,2
4453,"Krall, Hanna",115484108,2
4462,"Krane, Anna von",116379685,2
4467,"Kraus, Chris",1051635217,2
4496,"Kraus, Susanne Pauline",1051015774,2
4500,"Kraus, Susanne",1018145664,2
4501,"Krause, Barbara",139592725,2
4502,"Krause, Barbara",13713777X,2
4503,"Krause, Barbara",137137834,2
4504,"Krause, Barbara",137121113,2
4505,"Krause, Barbara",124223230,2
4506,"Berzewski, Barbara",109440323,2
4507,"Krause, Barbara",13713780X,2
4508,"Krause, Barbara",116389214,2
4510,"Krause, Barbara",103183656X,2
4515,"Krauß, Angela",122495373,2
4517,"Kraußer, Helmut",1186907398,2
4519,"Kraxner, Petra Maria",1042864667,2
4523,"Krechel, Ursula",121331172,2
4528,"Kreller, Susan",133753573,2
4530,"Kremnitz, Mite",11856661X,2
4531,"Kremp, Virginie",1212534808,2
4532,"Kremser, Stefanie",122404785,2
4536,"Kreslehner, Gabi",137519656,2
4540,"Kretzen, Friederike",121602214,2
4542,"Kricheldorf, Rebekka",137246609,2
4550,"Krien, Daniela",1015540678,2
4564,"Kröhn, Julia",120113570,2
4571,"Kronauer, Brigitte",119000016,2
4574,"Krügel, Mareike",128501111,2
4595,"Krüger, Renate",135531012,2
4596,"Krüger, Renate",1170099580,2
4597,"Krüger, Renate",119443988,2
4599,"Krupp, Ute-Christine",115883738,2
4606,"Kruse, Tatjana",123881609,2
4610,"Kubelka, Susanna",120701863,2
4613,"Kubitschek, Ruth Maria",113356161,2
4616,"Küchenmeister, Nadja",138247633,2
4617,"Kuckart, Judith",120021153,2
4618,"Kuczynski, Rita",12141003X,2
4624,"Kuhlmann, Daniela",112109314,2
4625,"Kuhlmann, Daniela",1050007603,2
4629,"Kühn, Andrea",1053838964,2
4630,"Kühn, Andrea",1166965384,2
4631,"Kühn, Andrea",1034262319,2
4652,"Kuhn, Krystyna",123291011,2
4656,"Kuhn, Sandy Taikyu",124076386,2
4661,"Kui, Alexandra",12986157X,2
4678,"Kunze, Andrea",137734379,2
4679,"Kunze, Andrea Birgit",1231820322,2
4695,"Küppers, Topsy",119520168,2
4699,"Kürthy, Ildikó von",121577627,2
4705,"Kutschke, Svealena",137621701,2
4706,"Kuttner, Sarah",131495631,2
4707,"Kuzmanova, Jana",1117566005,2
4708,"Kwaysser, Marie",116633174,2
4711,"La Roche, Sophie von",118569767,2
4714,"Lacrosse, Marie",1205766677,2
4723,"Lain, Tara",1112485767,2
4724,"Lakotta, Consilia Maria",124779980,2
4726,"Lamballe, Marie Thérèse Louise de Savoie-Carignan de",119502712,2
4727,"Lamballe, Marie",1069956988,2
4728,"Lambeck, Silke",131464760,2
4729,"Landmann, Salcia",116677953,2
4761,"Lange, Kathrin",140753508,2
4762,"Lange, Kathrin",1054877467,2
4766,"Lange, Kathrin",130104094,2
4768,"Lange, Kathrin Maria",1022422219,2
4769,"Lange, Laura",1163070068,2
4771,"Lange, Laura Ernestine Louise Bertha",1062799569,2
4775,"Bojanowski, Sabine",1093630175,2
4778,"Albanis-Lange, Sabine",1022006525,2
4779,"Lange, Sabine",122711505,2
4787,"Langer, Tanja",121369870,2
4789,"Langhoff, Anna-Lisa",1063991021,2
4796,"Lark, Sarah",1058036416,2
4798,"Lasker-Schüler, Else",118569880,2
4799,"Lassnig, Maria",118569937,2
4804,"Laube, Sigrid",122322053,2
4808,"Laupus, Monika",129527122,2
4809,"Laureen, Anne",140560394,2
4813,"Lavant, Christine",118570285,2
4815,"Lavee, Ingrid",122908627,2
4817,"Lazar, Maria",119339056,2
4818,"Lázár, Mária",1224985400,2
4821,"Le Fort, Gertrud von",118570951,2
4826,"Lechner, Auguste",121794679,2
4828,"Lederer, Joe",116852038,2
4840,"Leeb, Root",120308827,2
4841,"Leeder, Karen",11523411X,2
4842,"Leenders, Hiltrud",120135914,2
4863,"Lehmann, Christine",1242574883,2
4865,"Lehmann, Christine",1233312960,2
4868,"Lehmann, Christine",121277666,2
4870,"Lehmann, Christine",121646106,2
4871,"Lehmann, Christine",174237189,2
4874,"Lehne, Fr.",105727334,2
4882,"Leiber, Svenja",12980200X,2
4883,"Leinemann, Susanne",124117724,2
4884,"Leisner, Regine",11475103X,2
4888,"Leitner, Maria",1152079697,2
4889,"Améry, Maria",116298030,2
4890,"Leitner, Maria",118813641,2
4894,"Leky, Mariana",123236703,2
4909,"Lenz, Anita",1200376374,2
4922,"Lenze, Ulla",124955940,2
4924,"Leon, Donna",115533346,2
4925,"Leopold, Elisabeth",132701685,2
4931,"Fricke-Custodis, Doris",173091601,2
4937,"Lessmann, Sandra",130064084,2
4940,"Levensohn, Melanie",1165340240,2
4942,"Cohnheim, Martha",116636343,2
4943,"Lewald, Fanny",118572393,2
4944,"Lewin, Waldtraut",120036231,2
4946,"Lewitscharoff, Sibylle",120360721,2
4960,"Liebmann, Irina",115643486,2
4966,"Ligocka, Roma",120523299,2
4969,"Lind, Hera",118198157,2
4976,"Lindroth, Malin",123803896,2
4977,"Lindström, Inga",12867217X,2
4980,"Link, Charlotte",115757104,2
4981,"Link, Michaela",128761008,2
4983,"Lipavičienė, Birutė",133183076,2
5010,"Loher, Dea",119393271,2
5012,"Lohmann, Eva",143644084,2
5013,"Löhnig, Inge",136423795,2
5022,"Long, Yingtai",1115006606,2
5025,"Loosli, Ruth",138617635,2
5027,"Lorentz, Iny",124766900,2
5028,"Lorenz-Lindemann, Karin",128793511,2
5029,"Lorenz, Dagmar C. G.",109700430,2
5030,"Lorenz, Wiebke",118176331,2
5047,"Löschner, Irmgard",1075157242,2
5066,"Löwenberg, Nele",1053586078,2
5067,"Lubitsch, Nika",1096250969,2
5069,"Lucadou, Julia von",1140944568,2
5070,"Lucas, Charlotte",1114507121,2
5073,"Lüders, Else",133734439,2
5074,"Lüders, Else",119506947,2
5080,"Luise, Alessandra",1049355946,2
5082,"Lukas-Götz, Elisabeth",124355161,2
5096,"Lupi, Nina",1139865161,2
5100,"Lustiger, Gila",115744002,2
5124,"Lützow, Therese von",118729624,2
5126,"Lyne, Charlotte",132214164,2
5134,"Mahdawī Dāmġānī, Farīda",123459157X,2
5137,"Mahlknecht, Selma",128540745,2
5159,"Maier, Anja Annedore",1154705749,2
5164,"Maier, Anja Andrea",172716195,2
5166,"Maier, Anja M.",1212450590,2
5167,"Maier, Kathrin",1138133302,2
5175,"Małgorzewicz, Anna",1164804367,2
5182,"Mancini, Francesca",1044406275,2
5195,"Feniger, Mani",1041260342,2
5197,"Mann, Erika",141998245,2
5198,"Mann, Erika",118747436,2
5199,"Mann, Erika Marie",1075742870,2
5226,"Mannel, Beatrix",128445122,2
5229,"Marcard, Micaela von",1037701941,2
5230,"Marcus, Martha Sophie",140037993,2
5241,"Marcus, Stella",1232439614,2
5248,"Pieger, Marie-Madeleine",1027228984,2
5249,"Saveria Huré, Jacqueline",143663275,2
5250,"Petit, Marie-Madeleine",134822277,2
5251,"Hagelauer, Jennifer Marie Madeleine",1046347268,2
5254,"Fragonard, Marie-Madeleine",1043349839,2
5255,"Mactoux, Marie-Madeleine",1168812089,2
5256,"Huchet, Marie-Madeleine",1173938273,2
5258,"Marinić, Jagoda",122758587,2
5266,"Marlitt, E.",118731092,2
5267,"Marly, Michelle",1181387639,2
5269,"Maron, Monika",118842269,2
5270,"Marschner, Rosemarie",120070413,2
5305,"Martin, Sabine",1015215017,2
5306,"Pfeifer, Sabine",1140711113,2
5307,"Grolms-Martin, Sabine",1243195347,2
5316,"Martinek, Hilly",1061830101,2
5317,"Martini, Caro",1070228575,2
5318,"Martini, Christiane",129954535,2
5320,"Martini, Manuela",124161871,2
5321,"Martini, Manuela",1126121363,2
5335,"Materni, Undine",122232240,2
5337,"Matsubara, Hisako",118731785,2
5342,"Mattes, Eva",139513043,2
5343,"Mattes, Eva",120540169,2
5346,"Matysiak, Ada Jadwiga",1089837402,2
5360,"Mauriņa, Zenta",118579266,2
5361,"Maxian, Beate",131420429,2
5363,"May, Iris",1049458486,2
5376,"Mayer, Anna-Elisabeth",14197169X,2
5378,"Mayer, Gina",13180491X,2
5379,"Hollaender, Gina",116961872,2
5380,"Mayer, Lisa",1219530328,2
5381,"Mayer, Lisa",1079494804,2
5384,"Mayer, Lisa",1231311959,2
5385,"Mayer, Lisa",1232036730,2
5386,"Mayer, Lisa Astrid",1192401484,2
5387,"Mayer, Lisa-Katrina",1244364428,2
5399,"Mayröcker, Friederike",118732404,2
5400,"Mazzi, Lisa",1037425286,2
5402,"McClean, Katrin",121899721,2
5410,"Mead, Ruth",126018464,2
5411,"Mechtel, Angelika",118782797,2
5414,"Meerbaum-Eisinger, Selma",118579894,2
5419,"Meier, Angelika",1124704027,2
5420,"Meier, Angelika",136679013,2
5422,"Ploeger, Angelika",102859349X,2
5423,"Meier, Beatrice",1059733455,2
5435,"Günther, Gisela",1064996663,2
5436,"Meier, Gisela",130493902,2
5437,"Meier, Gisela",103509326X,2
5439,"Meier-Graefe, Helen",117003751,2
5440,"Meier, Helen",122077261,2
5449,"Ernst, Siegrid",120491001,2
5464,"Melzer-Geissler, Elisabeth",129225924,2
5465,"Menasse, Eva",12239089X,2
5468,"Mennen, Patricia",120098458,2
5472,"Merchant, Judith",1011378183,2
5482,"Merks-Krahforst, Martina",124144306,2
5489,"Messner, Elena",1052606709,2
5499,"Meuser, Natascha",124339255,2
5501,"Meyer-Dietrich, Inge",11952273X,2
5528,"Michaelis, Antonia",124272282,2
5562,"Mikeleitis, Edith",106657917,2
5563,"Milanovic-Jelić, Jasna",133080889,2
5564,"Milch-Sheriff, Ella",124608612,2
5575,"Miller, Alice M.",1196649138,2
5576,"Miller, Alice",1128093820,2
5577,"Miller, Alice Lyman",1012970736,2
5578,"Miller, Alice",118747568,2
5579,"Miller, Alice D. G.",1088346871,2
5580,"Miller, Alice Duer",126634599,2
5611,"Miller, Rebecca",12402937X,2
5612,"Miller, Rebecca",1075763525,2
5613,"Miller, Rebecca",1150725850,2
5615,"Miller, Rebecca S.",1122487487,2
5621,"Minelli, Michèle",122489012,2
5622,"Mineva, Todorka",1133509258,2
5623,"Mingels, Annette",128995203,2
5627,"Miranda, Carmen",118899252,2
5632,"Mischke, Susanne",120324849,2
5638,"Mitgutsch, Anna",119527421,2
5640,"Mitterer, Erika",119023911,2
5651,"Mohafez, Sudabeh",129509132,2
5655,"Molinari, Gianna",1122055978,2
5656,"Molli-Boffa, Laura",1028214642,2
5657,"Molling, Herlinde",129547743,2
5663,"Moníková, Libuše",115720774,2
5670,"Mora, Terézia",12123035X,2
5673,"Calatrava Moreno, Maria del Carmen",1210948826,2
5674,"Sánchez-Moreno, Maria McFarland",1156465664,2
5675,"Moreno Lopez, Maria Carola",1119360358,2
5676,"Blanco Moreno, María del Carmen",140658998,2
5677,"Moreno, Maria Julia Prats",135847214,2
5678,"García Moreno, María Antonia",171818318,2
5679,"Moreno, Maria Paz",1151912581,2
5681,"Moreno-Villanueva, María",139757147,2
5683,"Morese, Maria Carmen",12397464X,2
5684,"Morgan, Kathleen O'Leary",1237298091,2
5685,"Barry, Kathleen M.",1207777552,2
5686,"Morgan, Kathleen",131730258,2
5687,"Morgan, Kathleen",1079031367,2
5693,"Morgner, Irmtraud",118817663,2
5707,"Morrison, Toni",118911627,2
5708,"Morrissey, Di",121227618,2
5709,"Morsbach, Petra",120394367,2
5721,"Moser, Milena",115597689,2
5724,"Mothes, Ulla",123044820,2
5725,"Mousli, Luna al-",1076387454,2
5730,"Mückain, Johanna",132703238,2
5731,"Mucker-Frimmel, Gerda",124153399,2
5755,"Mühlbach, Luise",118585754,2
5761,"Muhr, Ursula",113195931,2
5762,"Steffgen, Ursula",18944312X,2
5767,"Müller-Nienstedt, Irma",137559720,2
5769,"Müller-Ott, Dorothea",1020907231,2
5780,"Müller, Catrin",1119172586,2
5786,"Müller, Eva",1214755429,2
5788,"Müller, Eva",1048424677,2
5789,"Müller, Eva Verena",1061441849,2
5792,"Müller, Eva Charlotte",1129627144,2
5793,"Karrer-Müller, Eva-Maria",1155308484,2
5828,"Müller, Herta",1242925066,2
5829,"Müller, Herta",119053071,2
5833,"Brühl, Herta",116747692,2
5834,"Müller, Herta",1075519896,2
5835,"Müller-Schönbrunn, Herta",143180851,2
5836,"Müller, Katharina",1192949501,2
5837,"Müller, Katharina",1176062409,2
5839,"Müller, Katharina",1139203185,2
5840,"Müller, Katharina",1064971334,2
5841,"Müller, Katharina",1141812487,2
5842,"Müller, Katharina",1021245771,2
5843,"Müller, Katharina",132191598,2
5845,"Müller, Katharina",1237930421,2
5846,"Müller, Mercedes",1093849614,2
5847,"Müller, Nicole Annett",1104142058,2
5851,"Müller, Nicole Sandra",1058272411,2
5854,"Mueller, Nicole",1027636225,2
5855,"Müller, Nicolle",140092501,2
5863,"Müller, Vanessa Joan",132342596,2
5879,"Müllerová, Lucie",1055073159,2
5882,"Mulot, Sibylle",115739130,2
5885,"Munina, N. Ju.",141467533,2
5888,"Münzer, Hanni",1070503592,2
5892,"Murray, Fiona E. S.",130571733,2
5901,"Musil, Robert",117698005X,2
5902,"Muskała, Monika",141954027,2
5906,"Mutius, Dagmar von",118892452,2
5910,"Nadj Abonji, Melinda",129396532,2
5912,"Nagel, Elke",124833233,2
5913,"Nagel, Elke",1012931609,2
5922,"Nagele, Andrea",1074218612,2
5925,"Navasardyan, Hermine",1019013672,2
5928,Nejusch,1077191286,2
5929,"Nelken, Dinah",106795392,2
5939,"Nestvold, Ruth",137178506,2
5942,"Netzel, Rebecca",124858368,2
5943,"Neubauer, Nicole",1067344500,2
5945,"Neuhaus, Nele",130804967,2
5971,"Neumann, Ronnith",132843188,2
5989,"Nick, Dagmar",118934457,2
6005,"Nieto Silva, Eva",139710809,2
6010,"Nigg, Iren",132636603,2
6011,"Nikolʹska, Mėri",1197758054,2
6016,"Nikolai, Maria",1193947898,2
6017,"Nilon, Valerie",1081216417,2
6022,"Noack, Barbara",138977305,2
6023,"Noack, Barbara",120345773,2
6029,"Noll, Ingrid",115490043,2
6039,"Norris, Sigrid",136718019,2
6044,"Nöstlinger, Christiana",115835954,2
6045,"Nöstlinger, Christine",118811738,2
6046,"Nová, Petra",143556835,2
6048,"Novak, Helga M.",11883147X,2
6055,"Novalis, Esther",1215870396,2
6063,"Patrick, Ruth J.",1225572266,2
6064,"Nowak-Kreyer, Maciej",1067857699,2
6067,"Nürnberg, Dorothea",123453941,2
6072,"Nuyen, Jenny-Mai",13195198X,2
6083,"Oates, Joyce Carol",118589121,2
6086,"Oberthür, Irene",1045035920,2
6087,"Obexer, Margareth",124214347,2
6090,"Oelker, Petra",118181122,2
6091,"Oeste de Bopp, Marianne",109042425,2
6096,"Ohlbaum, Isolde",124387211X,2
6097,"Ohlbaum, Isolde",118821172,2
6106,"Oleschinski, Brigitte",115745270,2
6110,"Olvedi, Ulli",115474048,2
6115,"Onink-Middelbeek, Evelyn",139797742,2
6124,"Oppenheim, Meret",118787136,2
6128,"Orczy, Emmuska",107653206,2
6136,"Ortwein, Barbara",1194877370,2
6138,"Oskamp, Katja",124922589,2
6140,"Ossowski, Leonie",118747827,2
6141,"Ostau, Ruth von",106898868,2
6143,"Oster, Jutta",122503635,2
6145,"Ostertag, Silvia",124185282,2
6164,"Overath, Angelika",120516918,2
6174,"Pajunen, Jukka-Pekka",137887302,2
6181,"Palmer, Lilli",118591452,2
6182,"Paluch, Andrea",123129214,2
6184,"Panzer, Marita A.",118028251,2
6185,"Pappenheim, Bertha",124385524X,2
6186,"Pappenheim, Bertha",118816292,2
6187,"Paprotta, Astrid",128801670,2
6193,"Parei, Inka",121259897,2
6196,"Parise, Claudia C.",124849164,2
6202,"Pásztor, Susann",12470574X,2
6203,"Pataki, Heidi",123026326,2
6204,"Pátková, Eva",113204140,2
6207,"Paul, Christiane",124386113,2
6208,"Paul, Chris",118099175,2
6209,"Paul, Fritzi",1058161288,2
6221,"Pauly, Gisa",115675817,2
6222,"Paura, Martina",130534536,2
6223,"Pausewang, Gudrun",118842706,2
6228,"Peaston, Angelika",1220315664,2
6229,"Pedretti, Erica",121675475,2
6230,"Peetz, Monika",142855480,2
6231,"Pehnt, Annette",120578069,2
6241,"Perlet, Gisela",107945088,2
6243,"Person, Jutta",131452711,2
6260,"Peter, Rita",1126061565,2
6272,"Peters, Julie",1011581264,2
6276,"Peters, Pauline",1100536000,2
6278,"Peters, Veronika",132699176,2
6289,"Petersmann, Konstanze",129444464,2
6290,"Petery, Constanze",14354344X,2
6294,"Petri-Sutermeister, Bolette",1041918240,2
6295,"Petrowskaja, Katja",1022446959,2
6296,"Petry, Renata",138138559,2
6309,"Pfister, Astrid",1026130220,2
6316,"Philipps, Carolin",123209390,2
6317,"Phillips, Susan Elizabeth",112098614,2
6318,"Piazza, Barbara",11203652X,2
6323,"Pieper, Katharina",12360835X,2
6334,"Pisa, Maria Regina",123378028,2
6353,"Pluhar, Erika",118595210,2
6357,"Pohl, Hertha",136357512,2
6376,"Polt-Heinzl, Evelyne",13132277X,2
6378,"Popa, Adrianne Hermina",137925891,2
6379,"Popescu, Adriana",1038452686,2
6382,"Poppe, Grit",120358425,2
6383,"Poppe, Ine",1166089029,2
6384,"Porath, Silke",129494925,2
6390,"Poschmann, Marion",123707021,2
6392,"Potente, Franka",123298415,2
6394,"Poznanski, Ursula",124804489,2
6395,"Präauer, Teresa",130375047,2
6396,"Prachatická, Markéta",119329808,2
6413,"Pressler, Mirjam",119290650,2
6420,"Proensa, Katrin",1103458876,2
6421,"Profijt, Jutta",128549637,2
6430,"Pulver, Elsbeth",128566949,2
6432,"Puškina, Natalʹja N.",11892611X,2
6444,"Raabe, Melanie",1068272139,2
6451,"Rachewiltz, Patrizia de",1098195051,2
6458,"Radziszewska, Krystyna",1031768033,2
6467,"Rakusa, Ilma",115645489,2
6469,"Ramadan, Jasmin",139254048,2
6473,"Randenborgh, Elisabet van",118749056,2
6474,"Randl, Lola",140005188,2
6482,"Rapp, Stephanie",1068482346,2
6484,"Rasp, Renate",107689561,2
6495,"Rathenböck, Elisabeth Vera",120548305,2
6503,"Razumovsky, Dorothea",109336925,2
6504,"Reategui, Petra",132428970,2
6506,"Recheis, Käthe",119330490,2
6510,"Regensburger, Annemarie",123597064,2
6514,"Regnier, Sandra",104875510X,2
6515,"Regoli, Uta",114439117,2
6517,"Rehn, Heidi",128379510,2
6520,"Reichart, Elisabeth",1219671851,2
6521,"Reichart, Elisabeth",119528894,2
6522,"Reiche, Claudia",136533191,2
6526,"Reider, Katja",115479627,2
6528,"Reimann, Brigitte",118744070,2
6530,"Reimer, Elisabeth",1056985690,2
6547,"Reiner, Traudl",1051288045,2
6548,"Reinerová, Lenka",11888090X,2
6549,"Reinig, Christa",118599437,2
6552,"Reinshagen, Gerlind",118885502,2
6553,"Reinwarth, Alexandra",132551284,2
6557,"Reitzer, Angelika",133130843,2
6563,"Remp, Marietta",1038880939,2
6564,"Renk, Ulrike",130527068,2
6565,"Renk, Ulrike",1162157984,2
6577,"Reschke, Karin",118195743,2
6579,"Reski, Petra",115817700,2
6602,"Reuter, Gabriele",118744712,2
6603,"Revedin, Jana",114559120,2
6604,"Reventlow, Franziska zu",118600044,2
6613,"Ribas, Rosa",138813957,2
6616,"Rice, Anne",119201909,2
6617,"Rice, Anne Estelle",119816218X,2
6621,"Richling, Sabine",1027543340,2
6641,"Richter, Jutta",1028972482,2
6642,"Richter, Jutta",1033435554,2
6643,"Richter, Jutta",122400259,2
6645,"Richter, Jutta",1211206602,2
6646,"Richter, Jutta",1144967775,2
6648,"Rick, Karin",115513078,2
6649,"Rick-Wagner, Susanne",1157224741,2
6651,"Rick, Susanne",1042952418,2
6652,"Riebe, Brigitte",113196725,2
6654,"Riedel, Susanne M.",1229979557,2
6656,"Riedel, Susanne",122883004,2
6657,"Riedel, Susanne Christine",1031459561,2
6662,"Rieks, Josefine",1152973517,2
6663,"Köster-Riemann, Silke",142985252,2
6668,"Rieß, Elke",104487516X,2
6674,"Rinck, Monika",129435856,2
6676,"Ringena, Hanna",1097240436,2
6678,"Rinser, Luise",118601172,2
6683,"Roberts, Aileen P.",131624393,2
6684,"Roche, Charlotte",124894526,2
6690,"Rodik, Belinda",120440229,2
6691,"Rodrian, Irene",118745654,2
6695,"Roggenkamp, Viola",124285392,2
6696,"Röggla, Kathrin",115701362,2
6707,"Rommel, Alberta",105186104,2
6709,"Rönne, Ronja von",1084638967,2
6710,"Ronzoni, Michaela",1046711350,2
6717,"Rosenfeld, Astrid",143612840,2
6718,"Rosenfeld, Ruth",119441772,2
6719,"Rosenfeld, Ruth",1202576427,2
6732,"Ross, Stefanie",1036434303,2
6733,"Roßbacher, Verena",137470150,2
6737,"Rotenberg, Stella",120698544,2
6741,"Roth, Anna",1212888375,2
6748,"Roth, Charlotte",105056751X,2
6787,"Roth, Silvia",136078680,2
6788,"Roth, Silvia",111330281X,2
6794,"Rottensteiner, Anna",1031402209,2
6801,"Royová, Kristína",121236269,2
6803,"Friedrich-Rückert, Andrea",1132823242,2
6833,"Rühle-Gerstel, Alice",118953877,2
6841,"Alexander, Ruth Bell",1072159791,2
6842,"Rygiert, Beate",114680582,2
6843,"Rylance, Ulrike",141353082,2
6848,"Sachau, Ursula",1043683615,2
6861,"Sachs, Nelly",1194259081,2
6862,"Sachs, Nelly",118604627,2
6873,"Sahler, Martina",130469076,2
6890,"Sakamoto, Miki",130505781,2
6892,"Saladin, Barbara",113610645,2
6893,"Saladin, Barbara",1069295876,2
6904,"Salzmann, Marianna",143811959,2
6908,Samur-Kajin,115469397,2
6910,"Sandberg, Ellen",1150675004,2
6914,"Sander, Helke",119036096,2
6915,"Sander, Karen",1058904507,2
6916,"Sanders, Norah",1026259444,2
6917,"Sandig, Ulrike Almut",131523821,2
6918,"Sandmann, Nina",129167347,2
6922,"Santiago Páez, Elena María",1024112713,2
6934,"Sauer, Beate",140588078,2
6946,"Saunders, Kate",114334145,2
6954,"Schacht, Andrea",120195771,2
6963,"Schäfer, Kristina-Maria",1061702510,2
6967,"Strinz-Schäfer, Kristina",1012795489,2
6973,"Schalansky, Judith",131647679,2
6986,"Schawerda, Elisabeth",112871356,2
6988,"Scheer, Regina",121411826,2
6991,"Scheerer, Jana Sibylle",1223178927,2
6992,"Scheffel, Annika",141639628,2
6995,"Scheib, Asta",120477750,2
6996,"Scheibler, Susanne",1047317230,2
7001,"Schenk, Sylvie",130675954,2
7002,"Schenkel, Andrea Maria",130878499,2
7005,"Scherer, Marie Luise",1127608169,2
7012,"Scheuermann, Silke",123309867,2
7016,"Schiefer, Josefina",1027542832,2
7018,"Schier, Petra",130462756,2
7038,"Schimmel, Annemarie",11916910X,2
7056,"Schlag, Evelyn",119559099,2
7065,"Schlegel, Dorothea von",118607979,2
7082,"Schlink, Basilea",118608282,2
7098,"Schmid Heer, Esther",1018851925,2
7099,"Schmid, Esther",173452418,2
7104,"Schmid, Sophie Petra",1141405482,2
7106,"Schmid, Sophie",132139170,2
7108,"Schmid, Sophie",117500771,2
7109,"Schmid, Sophie",117500763,2
7110,"Schmid, Sophie Friedrike Ferdinande",1128343266,2
7122,"Schmidgall, Renate",137510489,2
7123,"Schmidt-Eller, Berta",118725157,2
7135,"Schmidt, Cornelia Marlen",1049655818,2
7137,"Schmidt, Cornelia",1207017558,2
7139,"Schmidt, Cornelia",141028211,2
7166,"Schmidt, Kathrin",1141298988,2
7176,"Schmidt, Nadu",123108837,2
7178,"Schmidt, Petra",1215209924,2
7179,"Schmidt, Petra",130663948,2
7182,"Schmidt-Decker, Petra",134619927,2
7183,"Schmidt, Petra",12933491X,2
7188,"Schmidt, Rosa",116699967X,2
7189,"Schmidt, Rosa",117514543,2
7205,"Schmitter, Elke",121908437,2
7222,"Schneider, Hanna",103190302X,2
7223,"Krawcec, Hanka",123049261,2
7278,"Schneider, Simone",1227355475,2
7279,"Schneider, Simone Maria",1060064588,2
7281,"Schneider, Simone",1130893375,2
7283,"Schneider, Simone",123328136,2
7284,"Bader, Simone",135896045,2
7285,"Schneider, Simone",120540037,2
7286,"Tippach-Schneider, Simone",123761611,2
7287,"Schneiders, Ulrike",17426934X,2
7306,"Schnyder, Monika",1014945011,2
7317,"Schoch, Julia",123263034,2
7318,"Schoder, Sabine",1074308018,2
7320,"Schoenle, Annemarie",111890977,2
7348,"Schönthan, Gaby von",107407639,2
7351,"Schoof, Renate",12360804X,2
7354,"Schopenhauer, Johanna",118610473,2
7357,"Schrader, Maria",121621707,2
7360,"Schrader, Maria Elisabeth",1019169362,2
7362,"Schrader, Maria",134916980,2
7365,"Schramm, Karin",172840759,2
7370,"Schramm, Karin",1038569753,2
7371,"Schreiber-Wicke, Edith",128594004,2
7372,"Schreiber, Claudia",141963247,2
7374,"Schreiber, Claudia",124550002,2
7376,"Schreiber, Karoline",1061767361,2
7377,"Schreiber, Karoline",1076682162,2
7382,"Schreiner, Margit",115769919,2
7386,"Schriber, Margrit",119018349,2
7387,"Schrobsdorff, Angelika",118867164,2
7388,"Schröder-Devrient, Wilhelmine",119056569,2
7405,"Schrödter, Sybille",122532074,2
7436,"Schulz-Berlinghoff, Nadja",128828625,2
7437,"Schulz-Reiss, Christine",124795579,2
7471,"Schulz, Paulina",129497061,2
7500,"Schumann, Anneliese",1188639668,2
7517,"Schuster, Gaby",121987353,2
7530,"Schuster, Ute AnneMarie",141055413,2
7531,"Schutti, Carolina",142762016,2
7559,"Schwaiger, Brigitte",119368994,2
7563,"Schwartz, Gesa",140771999,2
7578,"Schwarz-Hausmann, Andrea",1049713184,2
7579,"Schwarz, Andrea",1103042297,2
7580,"Schwarz, Andrea",1132085292,2
7581,"Schwarz, Andrea",115681329,2
7584,"Schwarz, Annelies",120253100,2
7586,"Schwarz, Michaela",1124696237,2
7587,"Schwarz, Michaela Amélie",105392836X,2
7590,"Schwarz, Michaela",173824943,2
7591,"Schwarz, Michaela",173867049,2
7593,"Schwarz, Michaela",136404375,2
7614,"Schwarzenbach, Annemarie",118997718,2
7620,"Schweikert, Ruth",120457504,2
7621,"Schweikert, Ulrike",121902269,2
7624,"Schwerdtfeger, Malin",123124352,2
7626,"Schwindt, Barbara",117745073,2
7627,"Schwitter, Monique",132034360,2
7647,"Seck-Agthe, Monika",120045796,2
7648,"Sedehi, Sara",140353917,2
7650,"Seebacher, Katrin",122599268,2
7651,"Seedler, Anija",135938422,2
7653,"Seghers, Anna",118612743,2
7655,"Segler, Tina",1198941499,2
7676,"Seidenstricker, Iris",130672076,2
7677,"Seifert, Dagmar",1048568288,2
7678,"Seifert, Dagmar",171220587,2
7698,"Sela, Petra",120577321,2
7700,"Selinko, Annemarie",124132855,2
7713,"Servicen, Louise",1036521567,2
7717,"Seuffert, Barbara",123543738,2
7720,"Seydlitz, Lisa-Maria",1019982861,2
7724,"Shakib, Siba",1091604207,2
7728,"Sicińska, Edyta",113791526,2
7729,"Sieber, Regula",1079242139,2
7732,"Siege, Nasrin",120313464,2
7775,"Simon, Teresa",1112659846,2
7778,"Simon, Vera",114271593,2
7784,"Singer, Lea",106708147X,2
7798,"Sofronieva, Tzveta",120960036,2
7802,"Sölle, Dorothee",11861519X,2
7804,"Sommer-Bodenburg, Angela",118170139,2
7805,"Herz-Sommer, Alice",132204231,2
7808,"Sommer-Irving, Edith",1012665984,2
7826,"Sommerkamp, Sabine",11066924X,2
7852,"Specht, Kerstin",120577194,2
7853,"Specht, Kerstin",1201244463,2
7883,"Spilling-Nöker, Christa",120240831,2
7886,"Spira, Mela",116997710,2
7887,"Spiridon, Olivia",12418300X,2
7906,"Stamer, Barbara",118197940,2
7917,"Stanovská, Sylvie",1071850458,2
7929,"Starling, Isobel",1154813819,2
7937,"Steel, Danielle",119394243,2
7938,"Stefan, Verena",118617036,2
7939,"Heinken, Steff",1062103491,2
7944,Steff,122965310,2
7948,"Adams, Steff M.",1077563507,2
7976,"Stein, Johanna",1231235373,2
7977,"Stein, Johanna",1209707632,2
7978,"Klepper-Stein, Hanni",1097293122,2
7979,"Werthern, Johanna Luise von",1080306722,2
7990,"Stein, Susanne",122024709X,2
7991,"Bartels, Susanne",1059757559,2
7992,"Stein, Susanne",1031903089,2
7997,"Stein, Susanne",1154803201,2
7998,"Stein, Susanne",133465365,2
8003,"Steinberger, Niccel",123026903,2
8042,"Steinwendtner, Brita",12076864X,2
8045,"Stenglein, Nadine",1197815236,2
8046,"Stephan-Kühn, Freya",115518274,2
8053,"Sternberg, Emma",1024793974,2
8060,"Stewner, Tanya",133448789,2
8065,"Stocker, Darja",133155722,2
8071,"Stöhr, Susanne",173028306,2
8075,"Stojka, Ceija",118842579,2
8082,"Storks, Bettina",1058420305,2
8084,"Stössinger, Verena",109724232,2
8101,"Streeruwitz, Marlene",11955688X,2
8104,"Stricker, Sarah",1175401323,2
8109,"Strittmatter, Eva",118619330,2
8117,"Stroheker, Tina",120209071,2
8124,"Strubel, Antje Rávic",122788788,2
8140,"Stürzer, Anja",136430538,2
8159,"Sulṭānī, Katāyūn",1063313619,2
8162,"Suominen, Oili",114987912,2
8165,"Sutcliff, Rosemary",118799495,2
8176,"Suttner, Bertha von",118620126,2
8186,"Sydow, Marianne",1072634198,2
8187,"Syha, Ulrike",132555174,2
8188,"Sylva, Carmen",118638904,2
8206,"Tannert, Mary W.",1226911463,2
8208,"Tartler, Grete",1078923817,2
8209,"Taschler, Judith W.",143634704,2
8211,"Tatlock, Lynne",13203476X,2
8212,"Taubitz, Monika",107744597,2
8216,"Tawada, Yōko",120878518,2
8217,"Taylor, Kathryn",1042302898,2
8221,"Taylor, Kathryn Trauth",1229354751,2
8228,"Tempel, Katrin",142308706,2
8231,"Tergit, Gabriele",11862136X,2
8267,"Thiesler, Sabine",110576594,2
8278,"Thomas, Adrienne",117345563,2
8279,"Thomas, Charlotte C. S.",1053733968,2
8280,"Thomas, Charlotte",1204104484,2
8282,"Thomas, Charlotte",1046606360,2
8284,"Thomas, Helga",132914212,2
8301,"Thompson, Carlene",115367268,2
8304,"Thorn, Ines",12223684X,2
8307,"Thüminger, Rosmarie",122796616,2
8310,"Thurmann-Jajes, Anne",138383383,2
8313,"Tielsch, Ilse",118902997,2
8322,"Timmermann, Annette",1170978231,2
8335,"Torossi, Eleni",120494159,2
8336,"Torsten, Helga",1199152749,2
8337,"Toskani, Anina",1132542839,2
8340,"Tossing, Gudrun",1038312086,2
8341,"Traczewska, Maria",120558122,2
8352,Tran Lam Anh Duong,1014227453,2
8357,"Treiber, Jutta",12042763X,2
8365,"Trodler, Dagmar",123499704,2
8370,"Trott, Magda",127101403,2
8372,"Trützschler von Falkenstein, Eugenie",109999665,2
8377,"Tuckermann, Anja",120243520,2
8383,"Tüne, Anna",109936361,2
8393,"Uebel, Tina",122690281,2
8401,"Ullmann, Regina",118763520,2
8417,"Ulrich, Ingeborg",1062096010,2
8454,"Uzunoglu-Ocherbauer, Adelheid",139335633,2
8476,"Vandenberg, Patricia",1129367606,2
8479,"Vanderbeke, Birgit",115698027,2
8484,"Velasco, Stefanie de",1038243521,2
8486,"Veloso, Ana",1069228443,2
8487,"Veloso, Ana",130117889,2
8491,"Vermalle, Caroline",1011718170,2
8499,"Viebig, Clara",118804448,2
8501,"Viesèr, Dolores",132812592,2
8502,"Vigliani, Ada",114379769,2
8505,"Vilar, Esther",120017202,2
8507,"Vilshöfer, Claudia",143199196,2
8509,"Viragh, Christina",120769743,2
8510,"Vízdalová, Ivana",113122934,2
8548,"Vollenbruch, Astrid",129989185,2
8550,"Völler, Eva",115624775,2
8564,"Voß, Tina",1035169827,2
8569,"Vosseler, Nicole C.",123265428,2
8572,"Waberer, Keto von",119052032,2
8610,"Wajsbrot, Cécile",119095076,2
8611,"Walden, Laura",136608906,2
8614,"Walke, Susan",138675945,2
8623,"Wallrafen, Jutta",1017447144,2
8624,"Walser, Alissa",121925463,2
8625,"Walser, Johanna",120449544,2
8636,"Walser, Theresia",12260671X,2
8643,"Gaiser-Reich, Gabriele",1023746522,2
8644,"Walter, Gabriele",120010577,2
8645,"Walter, Nicole",1116587785,2
8646,"Walter, Nicole",1018824375,2
8648,"Walter, Patricia",135917778,2
8652,"Wambrechtsamer, Anna",139531971,2
8661,"Wanner, Heike",135360986,2
8667,"Maaß, Sabine",172840899,2
8668,"Wassermann, Sabine",124108342,2
8671,"Waters, Shirley",1236298608,2
8678,"Weber, Anne Yumino",135510279,2
8681,"Weber, Anne",1046390058,2
8705,"Weber, Ilse Christine",1061972828,2
8706,"Weber, Ilse Renate",1146172796,2
8707,"Weber, Ilse",118629727,2
8708,"Weber, Ilse",137812345,2
8709,"Weber, Ilse",126398003,2
8720,"Weber, Renate",1179468201,2
8723,"Bruce-Weber, Renate",134338251,2
8725,"Loewe, Renate",1145463010,2
8727,"Weber, Renate",174286805,2
8743,"Weidenfeld, Nathalie",122713214,2
8747,"Weigand, Karla",131708228,2
8752,"Weil, Grete",119074052,2
8811,"Aoki, Abra",1176842765,2
8812,"Blanchard, Chantal",1176843818,2
8813,"Blanchard, Paulette",1176843184,2
8818,"Siegfried, Anita",121075710,2
8829,"Weissberg, Nea",1077173369,2
8837,"Welp, Anette",122341813,2
8838,"Welsh, Renate",118766694,2
8839,"Welskopf-Henrich, Liselotte",104381809,2
8850,"Weng, Joan",1084025523,2
8883,"Werth, Babette",123487897,2
8886,"Wery, Ernestine",126284083,2
8887,"Wertheim, Hannes",1136501622,2
8891,"Wetzel, Maike",121846504,2
8892,"Weve, Sylvia",143382497,2
8895,"Wich, Henriette",123919312,2
8902,"Widiarto, Ingrid",1244294438,2
8926,"Wieland, Ursula",129734160,2
8927,"Wieland, Ursula Ingra",136225683,2
8929,"Wienbruch, Anny",118767852,2
8930,"Wieners, Annette",139916717,2
8995,"Wilms, Anila",1023544555,2
8996,"Wilpert, Bettina",1085158659,2
9007,"Wiltenburg, Joy",1031963219,2
9009,"Winiewicz, Lida",104622849,2
9025,"Winkler, Katharina",139703136,2
9026,"Winkler, Katharina",1053094485,2
9027,"Winkler, Katharina",1081399937,2
9030,"Winkler, Mechthild",1033089311,2
9039,"Winsloe, Christa",119555360,2
9041,"Winter, Judith Christine",138929920,2
9044,"Jacobsen-Winter, Judith",1062293592,2
9045,"Winter, Judith",1047523256,2
9046,"Winter, Judith",1183319444,2
9047,"Winter, Judith",1140813226,2
9048,"Winter, Judith Christine",1214654231,2
9050,"Winter, Lena",1027524435,2
9052,"Winter, Lena",123158372X,2
9053,"Winter, Sophie-Laura",1061700682,2
9054,"Winter, Sophie Viktoria",1182703240,2
9055,"Winter, Sophie",142831638,2
9056,"Gutzeit, Sophie von",1200997794,2
9057,"Winter, Sophie",1172908354,2
9058,"Winter, Sophie",1073282708,2
9060,"Winterberg, Liv",1012122638,2
9062,"Wintersteiner, Marianne",115655255,2
9071,"Wittmer, Irina",120505215,2
9072,"Wittpennig, Susanne",129450081,2
9083,"Wodin, Natascha",123609240,2
9094,"Wohmann, Gabriele",118634607,2
9096,"Wojnakowska-Jabłońska, Paulina",1043698736,2
9097,"Linsenmaier-Wolf, Christa",115779221,2
9099,"Wolf, Christa",118634666,2
9111,"Wolf, Doris",1202614213,2
9124,"Wolf, Julia",1049945972,2
9125,"Wolf, Julia",1228587582,2
9126,"Wolf, Julia",1153219182,2
9127,"Wolf, Julia René",1061827194,2
9128,"Wolf, Julia",1042172560,2
9130,"Wolf, Julia",1035218097,2
9137,"Wolf, Uljana",13165182X,2
9138,"Wolf, Victoria",1102940569,2
9144,"Wolff, Steffi von",124787843,2
9148,"Wolfrum, Christine",1052002455,2
9149,"Wolfrum, Christine",124875033,2
9150,"Wolfrum, Christine",1013317874,2
9160,"Wood, Barbara",124321970X,2
9161,"Wood, Barbara",120154889,2
9165,"Woolf, Marah",1031311254,2
9168,"Wörishöffer, Sophie",105404624,2
9175,"Mahn, Anny",116679913,2
9176,"Wright, Chantal",143060767,2
9180,"Wulf, Franziska",104596767X,2
9181,"Wulf, Franziska",123721733,2
9185,"Wunnicke, Christine",120484323,2
9240,"Zeh, Juli",123120802,2
9242,"Zeiner, Monika",1038462061,2
9252,"Zeller, Eva",1069801003,2
9253,"Weber, Eva",1207268283,2
9255,"Zeller, Eva",118982486,2
9269,"Zemme, Ulrike",1144534372,2
9278,"Ziegler, Claudia",1077215762,2
9298,"Zietsch, Uschi",115405895,2
9301,"Zimmer, Anja",130566454,2
9303,"Zimmer, Anja",141444746,2
9310,"Zimmermann, Katharina",120437922X,2
9311,"Zimmermann, Katharina",1225000076,2
9313,"Zimmermann, Katharina Marie",1221275194,2
9314,"Zimmermann, Katharina Maria",141468440,2
9316,"Zimmermann, Katharina",1059786451,2
9319,"Zimmermann, Katharina",120942178,2
9321,"Zimny, Margit",1052274412,2
9322,"Zinn, Dorit",119084546,2
9329,"Żmij-Zielińska, Danuta",1215107900,2
9332,"Zoeke, Barbara",1051235456,2
9336,"Zöllner, Angelika",1043584196,2
9342,"Fenton, Lu",1243793791,2
9344,"Zürn, Unica",118928686,2
9348,"Zweig, Stefanie",119368234,2
